objID,RAJ2000,DEJ2000,e_RAJ2000,e_DEJ2000,gmag,e_gmag,rmag,e_rmag,imag,e_imag,zmag,e_zmag,ymag,e_ymag
161881099993646792,109.999342740,44.905108360,0.0064,0.0238,19.3504,0.0254,18.6075,0.0054,18.3032,0.0043,18.1483,0.0071,18.0569,0.0195
161891099471484215,109.947082460,44.911364940,0.0164,0.0274,21.3582,0.0550,20.7855,0.0543,20.6189,0.0362,20.7352,0.0962,20.5555,0.1433
161891099416218768,109.941660970,44.915114770,0.0966,0.0324,21.8700,0.0432,21.5026,0.1103,21.0689,0.0337,20.4220,0.0583,19.9010,0.1810
161891099452146479,109.945161200,44.913230830,0.0073,0.0105,21.7728,0.1593,21.4165,0.0566,19.7198,0.0108,18.8777,0.0111,18.4054,0.0154
161901099483995094,109.948494230,44.920347920,0.0196,0.0214,21.3788,0.1654,20.9037,0.0559,20.8765,0.0413,20.8482,0.0455,,
161891099511369794,109.951057660,44.915978420,0.0027,0.0078,18.3853,0.0094,17.2029,0.0020,16.6517,0.0031,16.4020,0.0036,16.2480,0.0071
161901099785610292,109.978496630,44.916388970,0.0022,0.0116,15.7465,0.0031,15.2744,0.0010,15.1062,0.0025,15.0577,0.0035,15.0168,0.0052
161911099648131973,109.964722600,44.926111980,0.0454,0.0579,21.4340,0.1171,,,21.5170,0.0485,21.2830,0.0549,,
161911099582929028,109.958404470,44.932030860,0.0529,0.0529,21.8857,0.1743,,,21.5631,0.0465,,,,
161911099417052313,109.941687750,44.926356320,0.0767,0.0403,13.4130,,12.5030,,12.1020,,11.8620,,11.7250,
161891099733382484,109.973255070,44.909996980,0.0150,0.0165,21.4364,0.0582,20.8094,0.0290,20.5360,0.0321,20.1076,0.0180,19.9587,0.2066
161911099565510817,109.956507600,44.925166210,0.0010,0.0071,16.4978,0.0072,16.1139,0.0025,15.9762,0.0027,15.9375,0.0017,15.8960,0.0074
161891099500707482,109.950030730,44.914012460,0.0021,0.0185,21.1301,0.0590,19.9336,0.0166,19.0404,0.0045,18.6548,0.0064,18.4360,0.0121
161901099651599295,109.965158230,44.923819970,0.0095,0.0107,21.8760,0.1958,20.8297,0.0381,19.9725,0.0152,19.5408,0.0241,19.3399,0.0654
161901099093258820,109.909377810,44.923476960,0.0023,0.0074,19.4662,0.0073,18.7008,0.0054,18.3865,0.0055,18.2404,0.0116,18.1178,0.0080
161901099322371973,109.932244610,44.917773440,0.0075,0.0071,21.5387,0.0211,20.2634,0.0138,19.5895,0.0069,19.2793,0.0199,19.0125,0.0360
161911099102585169,109.910285860,44.928764490,0.0047,0.0050,20.3952,0.0247,19.0752,0.0133,17.5596,0.0037,16.8797,0.0053,16.5609,0.0125
161921099060312766,109.906003320,44.935104190,0.0030,0.0292,21.8551,0.1905,20.9071,0.0478,19.7324,0.0097,19.2396,0.0228,18.9444,0.0249
161921099063385887,109.906376800,44.937695310,0.0028,0.0121,16.9644,0.0041,15.8451,0.0023,15.3058,0.0022,15.0426,0.0032,14.8909,0.0043
161911099254753290,109.925488070,44.927198510,0.0026,0.0035,18.1535,0.0068,17.7036,0.0033,17.5469,0.0032,17.4905,0.0100,17.4687,0.0078
161901099276952127,109.927903220,44.917885570,0.0163,0.0136,21.8840,0.1703,20.9510,0.0417,20.3911,0.0246,20.0979,0.0823,19.6465,0.1304
161931099342131567,109.934011790,44.942547510,0.0132,0.0193,21.1532,0.0479,20.4285,0.0430,20.1635,0.0236,19.8651,0.0483,19.4596,0.0819
161941099140030395,109.913870320,44.949788010,0.0089,0.0108,21.9933,0.1928,21.0984,0.0390,20.0017,0.0130,19.5151,0.0198,19.2323,0.0487
161931099401416977,109.940069080,44.946941660,0.0014,0.0065,16.6241,0.0022,15.9984,0.0016,15.7940,0.0012,15.7046,0.0058,15.6472,0.0075
161931099205085434,109.920493910,44.945633640,0.0016,0.0188,19.3172,0.0124,18.0879,0.0036,17.4447,0.0039,17.1443,0.0047,16.9808,0.0092
161921099163445178,109.916304870,44.937114550,0.0338,0.0494,21.8585,0.0317,21.6330,0.0328,21.4530,0.0269,21.3238,0.1121,20.8423,0.1837
161921099275427668,109.927479720,44.939195720,0.0028,0.0097,14.4606,0.0023,14.0975,0.0012,13.9755,0.0018,13.9458,0.0013,13.9026,0.0050
161941099127107326,109.912734810,44.955612230,0.0081,0.0097,21.6491,0.1204,20.5214,0.0234,19.7297,0.0093,19.3697,0.0173,19.1263,0.0252
161941098796273864,109.879499340,44.952625960,0.0062,0.0067,20.1485,0.0257,19.6119,0.0119,19.3641,0.0144,19.2822,0.0177,19.2158,0.0648
161941098811519655,109.881157220,44.957497140,0.0922,0.0922,21.9663,0.1929,,,21.6325,0.2273,21.3605,0.1801,,
161981098862354106,109.886081900,44.986239380,0.0379,0.0241,21.3990,0.0899,20.9806,0.0549,20.8135,0.0408,20.6700,0.0720,20.6973,0.1572
161981098745665380,109.874643390,44.987247570,0.0029,0.0062,18.7056,0.0061,18.1581,0.0059,17.9548,0.0030,17.8467,0.0118,17.8434,0.0190
161981098808226902,109.880650610,44.988480250,0.0095,0.0088,20.5942,0.0207,19.8789,0.0057,19.6345,0.0108,19.5000,0.0108,19.4800,0.0529
161941099019647841,109.901869790,44.956028690,0.0120,0.0162,20.7282,0.0370,20.2710,0.0278,20.0367,0.0225,19.9027,0.0354,19.8957,0.1233
161951099024591061,109.902340530,44.958664700,0.0121,0.0138,21.1468,0.0590,20.2655,0.0504,19.8129,0.0335,19.5265,0.0570,19.2872,0.1154
161931098973298218,109.897276380,44.947973080,0.0051,0.0051,19.3310,0.0166,18.9549,0.0107,18.8130,0.0051,18.7992,0.0069,18.7487,0.0215
161941098863368895,109.886257470,44.956853650,0.0088,0.0226,20.6790,0.0055,19.5301,0.0143,18.9479,0.0070,18.6827,0.0087,18.4805,0.0158
161951099067038982,109.906622770,44.965299940,0.0516,0.0539,21.8761,0.0814,21.3841,0.0569,21.1127,0.0558,20.8111,0.0954,,
161961099091293781,109.909306300,44.969283940,0.1017,0.1017,21.9984,0.2035,,,21.5864,0.1474,,,,
161981098770277109,109.876998310,44.988704630,0.0099,0.0078,20.9232,0.0335,20.3130,0.0351,19.8565,0.0142,19.3751,0.0306,19.3110,0.0179
161961098850698078,109.885024180,44.972850290,0.0039,0.0097,17.7405,0.0028,16.9207,0.0033,16.5972,0.0021,16.4524,0.0062,16.3709,0.0076
161961099059361069,109.905888550,44.967043130,0.0093,0.0110,21.7615,0.1341,21.0250,0.0463,20.0058,0.0118,19.5498,0.0328,19.1769,0.0620
161981098746648061,109.874596240,44.989339790,0.0454,0.0683,21.8204,0.0381,21.3457,0.0785,21.3609,0.0558,20.9315,0.1733,,
161891100393444401,110.039170170,44.911462750,0.0256,0.0214,21.4734,0.0857,20.6930,0.0405,20.1864,0.0771,19.7827,0.1457,19.5414,0.1447
161891100388121638,110.039017500,44.909046660,0.0223,0.0240,21.5151,0.1821,21.3804,0.0492,20.9975,0.0435,20.7540,0.0280,20.3104,0.3513
161911100662961371,110.066182900,44.925663650,0.0196,0.0255,21.4422,0.0998,21.3212,0.0674,21.0233,0.0323,20.9857,0.0935,,
161901100460908202,110.045962180,44.922986500,0.0140,0.0152,21.7548,0.1681,21.3396,0.0732,20.4379,0.0163,20.0119,0.0804,19.6824,0.0470
161911100567921752,110.056815070,44.926005910,0.1709,0.1709,21.7689,0.1702,,,22.2434,0.1446,,,,
161921100437139667,110.043902780,44.940701900,0.0097,0.0100,21.7312,0.0736,20.7170,0.0208,20.0928,0.0147,19.6615,0.0517,19.4926,0.0569
161891100468975063,110.046777460,44.912011080,0.0267,0.0274,21.3161,0.1421,21.4446,0.0465,21.0626,0.0417,20.8203,0.1534,,
161921100425693769,110.042309200,44.935820670,0.1397,0.1610,21.7102,0.2022,21.6174,0.0941,21.5042,0.0890,,,,
161891100563541595,110.056331730,44.909181380,0.0237,0.0214,21.4975,0.1056,21.2316,0.0586,20.8841,0.0306,20.7461,0.0464,,
161911100525931274,110.052560200,44.925552170,0.0125,0.0051,16.7525,0.0054,16.3992,0.0024,16.2619,0.0024,16.2325,0.0040,16.2044,0.0066
161911100878953622,110.087910190,44.927471940,0.0088,0.0108,21.8060,0.0505,20.6634,0.0288,19.7587,0.0082,19.3080,0.0054,19.0660,0.0153
161911100943947077,110.094450610,44.930371570,0.0060,0.0032,19.7456,0.0082,18.5856,0.0065,17.8278,0.0050,17.4544,0.0064,17.2574,0.0072
161941101108811177,110.111013030,44.950372650,0.0041,0.0074,20.8445,0.0490,19.8401,0.0154,19.3845,0.0064,19.1642,0.0162,19.0129,0.0158
161931101126374359,110.112536540,44.944698480,0.0823,0.0955,21.6739,0.0609,21.4129,0.1890,21.2026,0.1180,,,20.6621,0.1776
161931100927659589,110.092790580,44.949124970,0.0032,0.0037,16.3170,0.0073,15.8399,0.0027,15.6740,0.0028,15.6186,0.0061,15.5448,0.0042
161931100903915394,110.090503440,44.945571160,0.0338,0.0338,19.3547,0.0299,19.7462,0.0407,20.2787,0.2424,,,,
161921101038985628,110.103909460,44.937498680,0.0023,0.0038,16.1894,0.0053,15.6885,0.0023,15.5095,0.0017,15.4172,0.0030,15.3647,0.0056
161951101023539844,110.102371480,44.965981980,0.0192,0.0222,21.3099,0.0677,20.8437,0.0497,20.6610,0.0328,20.2860,0.1060,20.5531,0.1544
161931101127934845,110.112674490,44.945050760,0.0833,0.1186,21.3494,0.0554,21.5023,0.1410,21.5439,0.0952,,,,
161951100995505940,110.099571280,44.962748150,0.0058,0.0060,21.6401,0.0752,20.8355,0.0681,19.3269,0.0089,18.6483,0.0157,18.2830,0.0296
161921100527336389,110.052742010,44.938022420,0.0218,0.0351,21.4158,0.0441,21.1021,0.0551,21.0307,0.0413,20.6469,0.2416,20.7868,0.1926
161921100608209580,110.060739870,44.940825890,0.0084,0.0103,21.8854,0.0519,20.5356,0.0415,19.8988,0.0254,19.3610,0.0386,19.2454,0.0441
161931100701736710,110.070197700,44.946740720,0.0044,0.0046,19.4543,0.0245,18.7594,0.0318,18.3053,0.0314,17.9206,0.0379,17.7288,0.0317
161941100642116191,110.064234560,44.954555180,0.0191,0.0207,21.9823,0.2039,21.1735,0.0610,20.5632,0.0326,20.1020,0.0485,19.8170,0.1052
161911100819197200,110.081929540,44.930467710,0.0024,0.0069,16.1974,0.0028,15.7417,0.0015,15.5756,0.0027,15.5228,0.0080,15.4643,0.0034
161921100721936253,110.072197980,44.938020100,0.0066,0.0030,17.4739,0.0034,16.9318,0.0048,16.7272,0.0020,16.6528,0.0035,16.5709,0.0083
161911100806376939,110.080691480,44.930393360,0.0800,0.0800,21.4077,0.1429,,,20.9858,0.1247,,,,
161941100482906374,110.048246310,44.954920490,0.0195,0.0147,21.6953,0.1642,20.8730,0.0351,20.2298,0.0348,19.8529,0.0743,19.4075,0.1212
161941100492896742,110.049273710,44.955107160,0.0122,0.0137,21.5571,0.0531,20.7782,0.0382,20.1613,0.0176,19.7803,0.0233,19.5469,0.1066
161911100760208717,110.076033820,44.931697480,0.0091,0.0082,21.6100,0.0496,20.4897,0.0244,19.7734,0.0103,19.4113,0.0217,19.1687,0.0302
161951100511065220,110.051052470,44.962136180,0.0166,0.0180,21.5121,0.1782,20.9093,0.0378,20.2670,0.0401,19.7959,0.0918,19.5435,0.0407
161961100946191256,110.094622260,44.967190430,0.0015,0.0046,17.4084,0.0055,16.9770,0.0093,16.8288,0.0035,16.8022,0.0061,16.7395,0.0074
161941100784799679,110.078479590,44.957523290,0.0074,0.0064,18.2374,0.0048,17.7040,0.0028,17.5004,0.0048,17.4108,0.0078,17.3305,0.0094
161951100751773794,110.075196540,44.960957750,0.0023,0.0037,19.2873,0.0036,18.0035,0.0032,17.1174,0.0034,16.7051,0.0057,16.4799,0.0059
161961100607381080,110.060837750,44.966947290,0.0067,0.0071,21.3300,0.0663,20.2078,0.0158,19.7033,0.0079,19.4137,0.0297,19.3199,0.0216
161951100675653591,110.067726940,44.960817450,0.0047,0.0051,19.9055,0.0127,19.4798,0.0100,19.3108,0.0119,19.3158,0.0391,19.1815,0.0538
161941100758294373,110.075845680,44.953116100,0.0077,0.0167,16.7007,0.0033,16.3047,0.0029,16.1504,0.0037,16.1033,0.0052,16.0637,0.0044
161951100787536483,110.078706320,44.963211200,0.0287,0.0288,21.4792,0.1658,21.6186,0.0153,21.1338,0.0424,20.7384,0.0235,20.3152,0.1186
161941100795486008,110.079620230,44.954302270,0.0094,0.0098,21.7823,0.1761,20.7977,0.0212,20.0362,0.0118,19.6172,0.0203,19.2909,0.0668
161961100603227557,110.060441620,44.972414990,0.0016,0.0087,20.8455,0.0375,19.6593,0.0120,18.9165,0.0062,18.5725,0.0103,18.3318,0.0152
161951100860813735,110.086132380,44.960725350,0.0855,0.0806,21.4924,0.1674,21.4985,0.1484,21.5070,0.0651,20.7946,0.0000,,
161941100889607029,110.088955170,44.955343620,0.0073,0.0032,13.3940,,12.8870,,12.6700,,12.5640,,12.4950,0.0014
161981100669221514,110.066917580,44.984065850,0.0018,0.0036,15.2050,0.0057,14.8296,0.0011,14.6944,0.0042,14.6629,0.0058,14.6153,0.0042
161961100648736102,110.064880980,44.971241100,0.0030,0.0033,18.0000,0.0046,17.5640,0.0040,17.3912,0.0044,17.3357,0.0082,17.2463,0.0120
161961101352877089,110.135172830,44.971916800,0.1795,0.0454,20.2547,0.0487,,,,,19.7988,0.0464,19.7060,0.0693
161961101242011386,110.124202370,44.967301030,0.0036,0.0030,18.9723,0.0053,18.3235,0.0037,18.0795,0.0038,17.9714,0.0089,17.9005,0.0143
161961101180079382,110.118221180,44.974049770,0.2081,0.1558,21.8198,0.0265,21.3104,0.0860,21.4009,0.1100,,,,
161971101221986551,110.122470430,44.979703540,0.0129,0.0151,21.9587,0.0896,21.3137,0.0295,20.5598,0.0198,20.0792,0.0395,19.9271,0.0521
161961101267240344,110.126748470,44.966420130,0.0015,0.0030,18.3156,0.0059,17.3810,0.0028,17.0201,0.0034,16.8286,0.0020,16.7058,0.0058
161971101182250032,110.118236720,44.974240340,0.1865,0.1037,21.6485,0.0086,21.5774,0.0541,21.4197,0.2499,,,,
161961101246783866,110.124745520,44.969342250,0.0726,0.0726,21.3528,0.0793,,,21.3581,0.1728,,,,
161961101350536810,110.135109970,44.971913680,0.0029,0.0057,20.3366,0.0196,20.0349,0.0299,20.0255,0.0128,19.7548,0.0229,19.9305,0.0615
161991101328905744,110.133126420,44.995945590,0.1377,0.1377,21.5701,0.2132,,,22.1461,0.0094,,,,
161971101355859566,110.135790250,44.982478460,0.0543,0.0543,20.6285,0.0615,21.4885,0.0706,,,,,,
161991101280258522,110.128081940,44.998291350,0.0083,0.0087,20.8475,0.0332,19.8228,0.0184,19.4939,0.0164,19.0826,0.0355,18.9335,0.0179
161971101351595709,110.135183010,44.979226650,0.0088,0.0077,21.5246,0.0516,20.2885,0.0216,19.8604,0.0169,19.5894,0.0203,19.2650,0.0393
161991101211286591,110.121267060,44.996709040,0.0207,0.0149,21.8003,0.1772,21.3892,0.0407,20.4820,0.0137,19.9511,0.0899,19.6103,0.0752
162001101318912107,110.131852660,45.001198030,0.0123,0.0155,21.6954,0.1153,20.8365,0.0508,20.3985,0.0157,20.0461,0.0627,19.8940,0.0716
162001101229424333,110.122813920,45.003053970,0.0369,0.0529,21.8182,0.0637,21.6353,0.0680,21.4583,0.0539,,,,
162001101315182331,110.131605420,45.001301920,0.1187,0.1187,21.4705,0.1669,21.7931,0.2099,,,19.9623,0.1676,,
162001101333708275,110.133271180,45.006286870,0.0856,0.0856,21.5313,0.1549,21.5510,0.1863,21.3805,0.1300,,,,
162001101403151757,110.140219120,45.000897500,0.0029,0.0052,19.8392,0.0163,19.4959,0.0097,19.3590,0.0078,19.2747,0.0188,19.2204,0.0195
161981101039383890,110.103857640,44.986006310,0.0533,0.0614,21.7062,0.0773,21.6912,0.0977,21.4347,0.0281,,,,
161981100989394223,110.099485980,44.986190590,0.4465,0.2051,21.4143,0.1568,21.0391,0.0461,21.7269,0.0781,,,,
161991100921827779,110.091865290,44.997556920,0.0131,0.0174,21.6544,0.1979,21.0103,0.0586,20.4097,0.0171,20.1371,0.0479,,
161971100958364199,110.095851740,44.977964310,0.0030,0.0022,18.9164,0.0064,17.6635,0.0054,16.8856,0.0023,16.5183,0.0049,16.3247,0.0043
161981100939749913,110.093991340,44.991102760,0.0098,0.0075,21.3658,0.0530,20.3152,0.0441,19.8429,0.0180,19.4943,0.0212,19.2537,0.0894
161991100905742683,110.090618970,44.993356050,0.0309,0.0439,21.8646,0.0992,21.5640,0.0706,21.5143,0.0448,21.1939,0.0400,,
161981100773025531,110.077331180,44.987409140,0.0039,0.0105,21.9605,0.2562,20.9190,0.0471,20.2353,0.0127,19.8835,0.0281,19.5650,0.0506
162001100778855702,110.078061750,45.004171580,0.0226,0.0323,21.6344,0.0692,21.4156,0.0452,21.2444,0.0339,21.0562,0.0928,,
162001100799961925,110.080185590,45.001052650,0.0160,0.0190,21.9337,0.0488,21.2558,0.0638,20.7976,0.0218,20.5695,0.0418,20.3747,0.1262
162031100951321298,110.095025610,45.025423760,0.0697,0.0697,21.4737,0.0740,,,20.4151,0.0878,,,,
162031100994778293,110.099478550,45.031388320,0.0715,0.0715,21.5426,0.1803,,,20.0393,0.0764,,,,
162021100808406928,110.080994440,45.021965820,0.0519,0.0519,22.1131,0.2984,,,20.7291,0.0324,,,,
162031100922616661,110.092288750,45.030088290,0.0366,0.0279,21.8843,0.1933,21.2665,0.0510,21.1614,0.0383,20.7142,0.0919,20.9302,0.2346
162031100991488694,110.099070090,45.031511760,0.0318,0.0273,21.3224,0.0773,20.9040,0.0570,20.6497,0.0391,20.3596,0.1606,20.1587,0.1045
162031100938750970,110.093894800,45.025288040,0.0010,0.0013,16.6491,0.0073,16.1251,0.0021,15.9278,0.0022,15.8897,0.0044,15.8110,0.0040
162011101081128085,110.108138860,45.014543380,0.0026,0.0037,17.1313,0.0049,16.7796,0.0026,16.6526,0.0031,16.6230,0.0049,16.5786,0.0067
162021100790002624,110.079005260,45.018243850,0.0036,0.0091,21.0483,0.0578,19.7656,0.0125,18.4329,0.0046,17.8240,0.0049,17.5055,0.0100
162041100885632523,110.088571840,45.034918610,0.0074,0.0122,16.9389,0.0047,16.3537,0.0024,16.0984,0.0032,16.0025,0.0061,15.9068,0.0047
162011101081013780,110.108112020,45.010957280,0.0021,0.0069,17.3266,0.0017,16.8575,0.0035,16.6731,0.0038,16.6049,0.0045,16.5575,0.0085
162001101027626759,110.102777880,45.005108530,0.0035,0.0058,14.4615,0.0030,14.0661,0.0069,13.9134,0.0029,13.8941,0.0020,13.8401,0.0008
162011100900070446,110.090079350,45.008181000,0.0051,0.0056,21.5012,0.0893,20.3625,0.0142,19.1943,0.0069,18.6560,0.0119,18.3604,0.0127
162021101013149557,110.101346420,45.024162020,0.0437,0.0437,21.6631,0.1881,21.6725,0.0590,21.6332,0.0389,21.4312,0.1827,,
162031101017047034,110.101767080,45.030319380,0.1513,0.1449,22.0880,0.2035,21.7054,0.1944,21.5511,0.1076,,,,
162031101300973830,110.130076630,45.027664200,0.0285,0.0205,21.3907,0.0769,20.9385,0.0392,20.9335,0.0207,20.5089,0.1087,20.1197,0.4959
162021101374816830,110.137692780,45.021863400,0.0427,0.0386,21.8886,0.1969,21.5156,0.0755,21.3191,0.0639,21.1568,0.0986,,
162031101233382637,110.123399240,45.026739300,0.0287,0.0157,20.7506,0.0621,20.4325,0.0262,20.5870,0.0297,19.9543,0.0614,20.2271,0.2628
162021101374512253,110.137481970,45.017961790,0.0104,0.0119,21.6294,0.0311,20.4191,0.0581,20.0953,0.0241,19.5841,0.0628,19.2572,0.0469
162021101263260370,110.126288370,45.016484980,0.0245,0.0205,21.5594,0.0496,20.8839,0.0385,20.7335,0.0333,20.1676,0.1130,19.7822,0.0289
162021101218368015,110.121956130,45.022724460,0.0109,0.0135,20.1103,0.0249,19.5512,0.1167,19.3685,0.0473,18.4002,0.0276,18.6396,0.0358
162021101357015333,110.135735150,45.020562940,0.0060,0.0088,20.6689,0.0203,20.0233,0.0180,19.7818,0.0127,19.6493,0.0243,19.4502,0.0307
162031101304268048,110.130641820,45.031285280,0.0157,0.0157,21.2222,0.1000,19.1666,0.0435,19.3284,0.0734,,,,
162031101240944184,110.124146590,45.028067270,0.0360,0.0384,21.9790,0.1930,21.5626,0.0063,21.3787,0.0381,20.8002,0.1282,20.7923,0.1858
162041100971113041,110.097123510,45.035328830,0.0025,0.0100,20.0804,0.0123,18.7780,0.0079,17.9551,0.0039,17.5731,0.0093,17.3273,0.0142
162051101037878969,110.103794240,45.048813570,0.0338,0.0439,20.1548,0.0205,19.8594,0.0099,20.1722,0.0483,19.9523,0.1499,19.4478,0.1816
162061100894573508,110.089561030,45.052378530,0.0165,0.0208,21.6921,0.1265,20.8190,0.0498,20.1829,0.0195,19.6874,0.0680,19.3893,0.1066
162061101046142342,110.104652950,45.051422440,0.0345,0.0371,21.6988,0.0802,21.0560,0.0685,20.9327,0.0300,20.6342,0.0971,20.6846,0.1677
162051101037749311,110.103800500,45.048843190,0.0168,0.0266,20.0721,0.0821,20.0086,0.0203,20.0106,0.0267,19.3238,0.0517,19.5340,0.2081
162041100995049635,110.099516420,45.040819690,0.0019,0.0078,20.3997,0.0344,19.1730,0.0065,18.4639,0.0045,18.1223,0.0075,17.9308,0.0274
162051100905981328,110.090644280,45.042264320,0.0015,0.0057,19.6826,0.0068,19.1927,0.0076,18.9775,0.0062,18.9226,0.0108,18.8165,0.0315
162051100988013569,110.098862900,45.044072850,0.0163,0.0181,21.5772,0.1840,21.0346,0.0580,20.6805,0.0262,20.2744,0.0957,20.1890,0.2267
161901100276601699,110.027852060,44.917634930,0.0509,0.0509,20.1967,0.0597,,,,,19.5803,0.1665,,
161901100278881993,110.027895410,44.917742270,0.0200,0.0213,20.5557,0.0910,20.3113,0.0384,20.1968,0.0467,19.9437,0.0802,19.9832,0.1361
161911100132845568,110.013259770,44.929173750,0.0028,0.0048,19.9431,0.0288,19.5688,0.0093,19.4262,0.0055,19.3034,0.0289,19.2678,0.0321
161891100043874705,110.004370620,44.911761580,0.1167,0.0832,21.9447,0.1788,21.5668,0.0287,21.7006,0.0737,,,,
161911100007731884,110.000914550,44.926021180,0.0376,0.0376,21.0659,0.0007,20.5385,0.0764,20.4881,0.0879,,,,
161891099958446604,109.995942720,44.913357160,0.0652,0.0505,21.9593,0.1863,21.7970,0.0268,21.5886,0.0391,21.0696,0.1919,,
161921100317892876,110.031841160,44.935173440,0.0053,0.0053,21.4518,0.0403,20.3261,0.0161,19.0013,0.0057,18.3749,0.0195,18.0233,0.0177
161941100174192052,110.017407750,44.951182160,0.0083,0.0076,22.5400,,20.6060,,20.4077,0.0149,18.9780,0.0113,18.1885,0.0136
161931100199784720,110.019992620,44.945066070,0.0012,0.0050,19.4330,0.0109,18.4849,0.0058,18.0286,0.0048,17.8080,0.0108,17.6589,0.0117
161951100035478388,110.003534640,44.964801580,0.0037,0.0099,21.0724,0.0335,19.8324,0.0070,18.9592,0.0062,18.5363,0.0070,18.3499,0.0239
161941100200849667,110.020068050,44.957522880,0.0094,0.0101,21.3485,0.0374,20.5553,0.0208,20.2326,0.0093,20.0976,0.0461,19.8772,0.1844
161921100237760100,110.023786540,44.932920960,0.0019,0.0081,14.4944,0.0048,13.7291,0.0059,13.4160,,13.2571,0.0036,13.1299,0.0094
161931100232970307,110.023303810,44.941385520,0.0140,0.0314,21.8255,0.1313,20.9091,0.0294,19.3908,0.0048,18.6977,0.0105,18.3694,0.0116
161941100124276751,110.012422140,44.955117340,0.0024,0.0091,19.1248,0.0100,18.0214,0.0046,17.5137,0.0024,17.2850,0.0068,17.1112,0.0163
161931099531989891,109.953091130,44.949375930,0.0678,0.0531,21.7229,0.0608,21.5783,0.0899,21.7159,0.0711,21.3237,0.1712,,
161941099652871132,109.965309520,44.950406850,0.0267,0.0292,21.9805,0.0150,21.3430,0.0427,21.1154,0.0625,21.0035,0.1387,,
161931099694270425,109.969415560,44.941474940,0.0064,0.0024,18.2889,0.0063,17.6328,0.0059,17.3805,0.0031,17.2691,0.0097,17.1960,0.0062
161911099861358153,109.986078720,44.931266900,0.0015,0.0062,19.4381,0.0133,18.7118,0.0059,18.4208,0.0054,18.3063,0.0051,18.2307,0.0196
161921099841316693,109.984041860,44.938388550,0.0057,0.0078,19.9083,0.0315,19.1081,0.0263,18.9422,0.0165,18.4105,0.0635,18.2731,0.0289
161931099823389640,109.982300800,44.949138480,0.0129,0.0152,22.0267,0.0116,20.6157,0.0383,20.0876,0.0179,19.7874,0.0590,19.5449,0.0887
161931099768610326,109.976848810,44.941428750,0.0142,0.0184,21.5652,0.1113,20.8657,0.0376,20.5485,0.0225,20.4844,0.0713,20.6017,0.1456
161921099761392728,109.976087080,44.935118990,0.0258,0.0197,21.8959,0.1792,21.2286,0.0377,20.7718,0.0296,20.4306,0.0908,,
161931099730483711,109.973101570,44.944283820,0.0338,0.0359,21.7199,0.0407,21.3069,0.0386,20.8994,0.0444,20.6346,0.0690,,
161951099560101673,109.956029340,44.959259260,0.1002,0.0584,22.0126,0.1819,21.7078,0.0498,21.5541,0.0916,21.0328,0.1521,,
161931099769305831,109.976889520,44.946092180,0.0352,0.0387,21.6732,0.0059,21.6122,0.0896,21.4672,0.0827,21.2559,0.1467,,
161931099515685666,109.951461090,44.945851870,0.0115,0.0085,21.8309,0.0735,20.5779,0.0271,19.7201,0.0162,19.3090,0.0326,19.0010,0.0666
161911099764253566,109.976409370,44.927411540,0.0720,0.0720,21.7737,0.1772,,,21.2126,0.1649,,,19.1019,0.0727
161921099833133889,109.983218930,44.936058840,0.0059,0.0087,21.6669,0.0686,20.3506,0.0193,19.2312,0.0089,18.6997,0.0120,18.4291,0.0139
161961099801429952,109.980187780,44.974104530,0.0714,0.0714,20.4816,0.0756,21.9584,0.1876,,,20.8814,0.1793,,
161951099758286724,109.975821750,44.963422650,0.0028,0.0057,19.7261,0.0106,18.8661,0.0095,18.5264,0.0046,18.3738,0.0098,18.2572,0.0307
161941099904802834,109.990510870,44.951780900,0.0067,0.0049,19.5849,0.0113,18.9923,0.0096,18.7443,0.0076,18.6415,0.0147,18.5610,0.0152
161961100025355099,110.002491990,44.970386370,0.0024,0.0030,19.8346,0.0128,19.2483,0.0086,19.0599,0.0049,18.9590,0.0222,18.8518,0.0187
161941099931640531,109.993126200,44.949948660,0.0137,0.0174,21.5047,0.0549,20.7818,0.0348,20.3628,0.0174,20.1680,0.0544,19.9051,0.1187
161951100413527384,110.041356650,44.963996060,0.0515,0.0622,22.0466,0.1934,21.4305,0.0472,21.3540,0.0471,21.2232,0.0639,,
161981100156174866,110.015614270,44.986861290,0.0052,0.0022,18.1506,0.0050,17.7242,0.0044,17.5679,0.0039,17.5237,0.0051,17.4730,0.0138
161951100241393556,110.024138550,44.960701070,0.0043,0.0097,19.0651,0.0114,18.7203,0.0070,18.5914,0.0067,18.5573,0.0112,18.5350,0.0270
161961100469275211,110.046904540,44.970463140,0.0383,0.0323,21.5639,0.0621,21.7150,0.0153,21.5281,0.0604,21.1111,0.0211,20.7926,0.1812
161961100093550973,110.009341800,44.966950260,0.0022,0.0026,15.6783,0.0020,15.3711,0.0024,15.2791,0.0029,15.2661,0.0017,15.2602,0.0017
161951100409997598,110.041134490,44.964092840,0.0641,0.0641,21.7824,0.1570,21.7260,0.1884,21.4392,0.0526,,,,
161961100202358160,110.020434060,44.972973390,0.0512,0.0417,21.6191,0.2022,21.0791,0.1202,20.3742,0.1471,20.2105,0.0361,19.6241,0.0501
161961100207208065,110.020501320,44.972977020,0.0219,0.0305,21.8024,0.1704,21.2456,0.0808,20.6154,0.0382,19.6827,0.1315,20.0365,0.0874
161971100285129508,110.028513180,44.982389600,0.0127,0.0138,21.4034,0.0462,20.8394,0.0414,20.6711,0.0181,20.5440,0.0524,,
161961100397349015,110.039738370,44.973657270,0.0010,0.0020,16.8821,0.0074,16.1531,0.0024,15.8702,0.0022,15.7419,0.0052,15.6433,0.0076
161981100146829264,110.014712630,44.990520950,0.0038,0.0043,20.1048,0.0116,19.2920,0.0095,18.9011,0.0054,18.7150,0.0093,18.5702,0.0090
161971100158666168,110.015962270,44.979532450,0.0129,0.0130,22.0254,0.1789,21.4300,0.0485,20.5057,0.0165,20.0031,0.0376,19.8859,0.1075
161991100402440449,110.040252460,44.991478410,0.0215,0.0270,21.9553,0.1781,21.5055,0.0962,21.0864,0.0285,20.6444,0.0708,20.4782,0.1381
161981100328780778,110.032902460,44.983440720,0.0032,0.0120,21.6122,0.0639,20.4131,0.0255,19.3113,0.0058,18.7800,0.0339,18.5971,0.0235
161981100339589351,110.034091860,44.990514480,0.0028,0.0045,20.3338,0.0276,19.8596,0.0107,19.6883,0.0073,19.5833,0.0272,19.6158,0.0812
161961100524705623,110.052461320,44.970612050,0.0210,0.0244,21.6339,0.1256,21.3375,0.0469,21.2384,0.0331,21.1443,0.0804,,
161981100411859438,110.041215840,44.990559560,0.1024,0.0967,21.3834,0.2019,21.6687,0.1787,21.6037,0.0541,,,,
161991100429969284,110.042715850,44.998739280,0.0036,0.0091,20.7148,0.0123,20.2670,0.0262,20.0940,0.0135,19.9863,0.0592,20.0851,0.0976
161981100220938753,110.022114930,44.990107380,0.0140,0.0140,21.9238,0.1992,21.3454,0.0355,20.4987,0.0127,20.0813,0.0224,19.9275,0.0587
162011100245966496,110.024581700,45.013144130,0.0104,0.0088,20.8037,0.0221,20.2397,0.0261,20.0682,0.0114,19.8955,0.0604,19.5709,0.1312
162001100248787087,110.024772540,45.005348660,0.0970,0.0970,21.4241,0.1557,21.5165,0.1632,,,21.5064,0.1878,,
162001100252461020,110.025248720,45.000304950,0.0013,0.0041,19.6823,0.0207,18.4592,0.0033,17.1787,0.0020,16.5863,0.0058,16.2837,0.0101
162001100243086970,110.024580430,45.005402430,0.0665,0.0665,21.4367,0.1617,21.4959,0.0302,21.6741,0.1832,,,,
161991099952733886,109.995251870,44.994406000,0.0058,0.0067,21.3939,0.0588,20.5011,0.0216,20.1354,0.0140,19.9190,0.0553,19.7109,0.0678
161981099934248439,109.993457930,44.989821660,0.0425,0.0414,21.4552,0.2039,21.9456,0.0218,21.3816,0.0675,21.0241,0.0353,,
161961100006458394,110.000640230,44.973161220,0.0075,0.0077,21.8521,0.0675,20.4972,0.0234,19.8197,0.0090,19.4744,0.0204,19.2579,0.0271
161981099951114804,109.995099450,44.986791030,0.0040,0.0048,17.9421,0.0030,17.5688,0.0039,17.4238,0.0039,17.3810,0.0073,17.3668,0.0070
161971099984294940,109.998379000,44.978605200,0.0252,0.0359,21.7150,0.0533,21.2498,0.0404,21.0583,0.0377,20.6275,0.0399,20.7636,0.1653
161991100076314715,110.007595590,44.995065880,0.0019,0.0038,18.6131,0.0032,18.0360,0.0049,17.8361,0.0029,17.7367,0.0064,17.6886,0.0101
161991100059189354,110.005941650,44.998910580,0.0034,0.0032,18.2435,0.0047,17.0273,0.0030,16.2174,0.0020,15.8469,0.0048,15.6282,0.0043
162001099827230683,109.982724040,45.000034690,0.0032,0.0033,18.9995,0.0063,18.3557,0.0052,18.0716,0.0027,17.9455,0.0097,17.8493,0.0186
162001099827120631,109.982729430,45.000034220,0.0122,0.0208,19.0512,0.0023,,,,,17.9383,0.0117,17.7955,0.0754
162001099848140833,109.984854610,45.000153720,0.0247,0.0422,18.7873,0.0061,17.5589,0.0056,16.4135,0.0022,15.9002,0.0061,15.6640,0.0067
162001099991965299,109.999212750,45.003908600,0.0019,0.0023,20.0598,0.0270,19.0881,0.0116,18.6786,0.0053,18.4985,0.0080,18.3606,0.0294
162041099997150608,109.999623790,45.033271990,0.0255,0.0294,22.0011,0.1853,21.3850,0.0508,21.1410,0.0338,20.8672,0.1381,,
162041099985884310,109.998628180,45.036362480,0.0046,0.0051,20.7168,0.0487,19.6949,0.0095,19.1201,0.0075,18.8609,0.0166,18.7056,0.0196
162011100036237494,110.003623260,45.014053330,0.0431,0.0778,22.0966,0.2017,21.3923,0.0785,21.3493,0.0505,21.2892,0.0027,20.7194,0.1634
162021100088683878,110.008843660,45.019388570,0.0103,0.0105,21.6789,0.1785,20.8372,0.0233,20.1487,0.0141,19.8205,0.0329,19.6763,0.0662
162021100126354308,110.012631720,45.019664630,0.0032,0.0070,20.8959,0.0357,19.6050,0.0127,18.9767,0.0075,18.6876,0.0097,18.5324,0.0270
162021099857263278,109.985641710,45.018843570,0.0302,0.0304,21.7608,0.0435,21.5199,0.0610,21.2656,0.0476,21.1951,0.1761,,
162011100167598074,110.016772830,45.014517810,0.0022,0.0075,20.5318,0.0463,19.3075,0.0093,17.7749,0.0033,17.0740,0.0106,16.7230,0.0062
162001100147349676,110.014816640,45.007504760,0.0136,0.0152,21.0166,0.0244,20.1080,0.0136,19.7369,0.0076,19.5478,0.0168,19.3409,0.1076
162011100025020232,110.002524650,45.007999610,0.0016,0.0028,21.2363,0.0329,19.8822,0.0095,18.6739,0.0035,18.1266,0.0084,17.8636,0.0099
162041099921474467,109.992137950,45.036528970,0.0010,0.0025,16.6467,0.0023,16.2326,0.0033,16.0835,0.0023,16.0241,0.0050,15.9856,0.0072
162011100213486568,110.021353360,45.013276200,0.0018,0.0019,15.7804,0.0026,15.1231,0.0008,14.8408,0.0021,14.7128,0.0091,14.6141,0.0043
162021100232370357,110.023223800,45.016468130,0.0118,0.0120,21.1318,0.0587,20.6001,0.0235,20.4569,0.0133,20.3104,0.0445,20.0217,0.1851
162001100070092215,110.007003470,45.001304890,0.0072,0.0067,21.8123,0.1766,20.8242,0.0295,19.6197,0.0100,19.0655,0.0073,18.7810,0.0160
161961099455723104,109.945520500,44.968771120,0.0254,0.0369,21.2097,0.0601,20.5758,0.0476,20.5940,0.0440,19.9158,0.1036,19.9345,0.1727
161971099355686279,109.935733980,44.979638840,0.0024,0.0127,20.0497,0.0127,18.7990,0.0037,17.7717,0.0033,17.3324,0.0089,17.0706,0.0041
161971099466941390,109.946710570,44.975604440,0.0030,0.0034,18.3378,0.0051,17.3846,0.0036,16.9913,0.0027,16.8138,0.0053,16.6896,0.0076
161941099456441662,109.945607600,44.950722970,0.1018,0.1068,21.9447,0.1794,21.6262,0.0478,21.7376,0.1586,21.2043,0.2822,,
161991099220421865,109.922210270,44.992633340,0.0249,0.0205,17.3443,0.0049,16.3380,0.0020,15.9406,0.0027,15.7593,0.0018,15.6351,0.0036
161971099251032296,109.925339690,44.976288630,0.0047,0.0132,20.1120,0.0132,18.8312,0.0045,17.5313,0.0027,16.9410,0.0070,16.6687,0.0075
161971099351070544,109.935209110,44.974880970,0.0084,0.0087,21.8661,0.0560,20.8339,0.0290,19.9387,0.0101,19.5332,0.0240,19.2672,0.0461
161991099276953537,109.927723150,44.994051850,0.0036,0.0047,14.7241,0.0034,14.2960,0.0014,14.1447,0.0021,14.1033,0.0037,14.0561,0.0017
161981099471821719,109.947134510,44.984225960,0.0029,0.0046,15.6458,0.0021,15.2887,0.0020,15.1708,0.0017,15.1499,0.0052,15.1222,0.0050
161971099478577318,109.947818440,44.980552350,0.0013,0.0046,17.5574,0.0041,17.1943,0.0042,17.0700,0.0029,17.0351,0.0065,16.9900,0.0094
161991099337706436,109.934050240,44.996403710,0.0063,0.0064,21.8732,0.0432,20.6679,0.0325,19.5091,0.0067,18.9492,0.0095,18.6750,0.0271
161991099446210554,109.944685580,44.991535990,0.0011,0.0026,18.5026,0.0046,18.1057,0.0039,17.9416,0.0026,17.8853,0.0079,17.8367,0.0087
161981099347966324,109.934833470,44.988034570,0.0168,0.0163,21.9651,0.1853,21.3444,0.0323,20.4454,0.0134,20.1040,0.0545,19.8534,0.0238
162001099327731905,109.932914070,45.000923070,0.0137,0.0161,20.7747,0.0245,19.8659,0.0087,19.4919,0.0077,19.2757,0.0220,19.1303,0.0354
161981099025321754,109.902510400,44.984242230,0.0233,0.0329,21.8932,0.0206,21.1811,0.0493,20.7825,0.0484,20.5237,0.1386,19.9454,0.1837
161991099005728333,109.900479550,44.998067110,0.0031,0.0026,16.9466,0.0031,16.1179,0.0013,15.8249,0.0047,15.6747,0.0055,15.5981,0.0037
162001098884340968,109.888338760,45.000251290,0.0516,0.0516,20.4289,0.0478,,,,,,,,
162001098869334415,109.886961780,45.003093460,0.0133,0.0153,21.2532,0.0811,20.8218,0.0402,20.5470,0.0171,20.4640,0.0431,20.4737,0.1299
161991099153239232,109.915245450,44.998747080,0.0058,0.0055,19.5956,0.0055,19.2067,0.0135,19.0902,0.0083,19.0642,0.0131,19.0266,0.0437
162011099239997870,109.923892480,45.014285460,0.0524,0.0584,21.3896,0.0648,21.1089,0.0744,21.0925,0.0406,21.0066,0.0301,,
162001099219098059,109.921684390,45.006087010,0.0112,0.0112,16.9714,0.1401,,,,,17.8715,0.0254,,
162011099212357248,109.921249060,45.013804400,0.0110,0.0142,19.8897,0.0359,19.7664,0.0824,19.7749,0.0358,19.0348,0.1123,19.0572,0.0721
162021099186251735,109.918654490,45.017560110,0.0197,0.0157,20.9246,0.0304,20.9610,0.0396,21.0249,0.0230,21.1188,0.0823,,
162001099214618204,109.921436550,45.006296020,0.0013,0.0044,15.9581,0.0026,15.3314,0.0019,15.0894,0.0027,14.9950,0.0050,14.9235,0.0040
162011099202164613,109.920183240,45.011638290,0.0040,0.0059,18.0238,0.0072,17.3833,0.0045,17.1045,0.0027,16.9812,0.0073,16.9055,0.0099
162001099142609710,109.914262700,45.007560700,0.0042,0.0047,18.8405,0.0082,18.2803,0.0083,18.0485,0.0030,17.9579,0.0130,17.8900,0.0080
162011099102595122,109.910237900,45.012060620,0.0024,0.0031,18.1998,0.0058,17.8173,0.0033,17.6686,0.0030,17.6299,0.0037,17.6003,0.0065
162041098983928871,109.898359310,45.040124950,0.0148,0.0156,21.8997,0.0967,20.9436,0.0288,20.5368,0.0255,20.0771,0.0777,19.9946,0.1198
162031099540104283,109.953971400,45.028053630,0.0165,0.0161,21.2400,0.0588,20.8016,0.0419,20.7257,0.0201,20.6238,0.0468,,
162031099364280022,109.936398330,45.024469910,0.0219,0.0231,21.7580,0.1464,21.3794,0.0519,21.0880,0.0403,20.9975,0.0790,20.5023,0.1394
162021099636363069,109.963581310,45.018687750,0.0077,0.0028,19.2671,0.0068,18.2611,0.0052,17.8040,0.0038,17.5834,0.0098,17.4729,0.0092
162011099496326496,109.949511330,45.013326940,0.0838,0.1840,21.7619,0.0996,,,21.7596,0.0594,,,,
162021099737142283,109.973707150,45.018046850,0.0037,0.0061,18.5118,0.0051,18.2423,0.0042,18.1490,0.0048,18.1538,0.0128,18.0870,0.0057
162011099531783989,109.953097070,45.011125340,0.0033,0.0023,15.0943,0.0027,14.7284,0.0019,14.5945,0.0017,14.5643,0.0051,14.5330,0.0027
162011099530449654,109.953018390,45.015845930,0.0145,0.0148,21.3642,0.0545,20.8648,0.0245,20.6620,0.0123,20.4701,0.0640,20.6669,0.1600
162031099812623748,109.981434080,45.027437160,0.1059,0.1059,21.5554,0.1899,,,21.6517,0.1493,,,,
162051099673664948,109.967138140,45.045162730,0.1088,0.1088,21.9205,0.1964,21.9070,0.1827,21.3941,0.1851,,,,
162021099751618396,109.975104670,45.023105460,0.0133,0.0113,21.2207,0.0540,20.5017,0.0478,20.2288,0.0290,19.7230,0.0809,19.5314,0.0179
162021099792395870,109.979197890,45.021007030,0.0196,0.0203,21.7614,0.0227,21.3318,0.0301,20.9440,0.0180,20.8349,0.1243,,
162031099819872560,109.982038520,45.026578370,0.0284,0.0339,21.9812,0.1579,21.2618,0.0625,21.1471,0.0427,21.0268,0.1261,,
162041099680635768,109.968117900,45.037587990,0.0114,0.0121,20.7793,0.0524,19.9767,0.0554,19.7836,0.0246,19.1935,0.0393,19.0870,0.1048
162031099701322828,109.970124650,45.026819020,0.0012,0.0021,17.7070,0.0035,17.0578,0.0045,16.7999,0.0026,16.6866,0.0065,16.6094,0.0092
162031099652317132,109.965248630,45.030409670,0.0013,0.0025,18.8340,0.0117,18.3795,0.0076,18.1690,0.0044,18.1003,0.0134,18.0828,0.0118
162061099045914861,109.904522510,45.053481740,0.0611,0.0700,21.5422,0.1439,21.3402,0.1338,21.4489,0.0730,21.1916,0.2834,,
162061099205229986,109.920504080,45.057778740,0.0014,0.0051,17.1478,0.0035,16.6343,0.0026,16.4520,0.0024,16.3893,0.0098,16.3341,0.0044
162071099116195846,109.911612760,45.062665020,0.0036,0.0079,13.9055,0.0048,13.8142,0.0018,14.0092,0.0220,13.8766,0.0081,13.8470,0.0011
162051099401660356,109.940213590,45.041313520,0.0105,0.0245,20.9947,0.0630,20.3326,0.0486,19.9936,0.0463,19.2868,0.0796,19.2724,0.0737
162041099277837156,109.927799210,45.038777390,0.0061,0.0072,20.9778,0.0636,20.4728,0.0204,20.3202,0.0126,20.2143,0.0308,20.1381,0.1011
162061099190401053,109.918988380,45.050447130,0.0140,0.0140,18.3920,0.0555,,,,,15.7834,0.0420,,
162041099074205230,109.907347100,45.037228210,0.0118,0.0122,21.2820,0.0480,20.5658,0.0549,20.3657,0.0248,19.8651,0.0952,19.8508,0.1157
162051099402820019,109.940246870,45.041272610,0.0486,0.0849,21.1343,0.1028,,,,,19.5165,0.0926,19.1658,0.0320
162041099384487352,109.938477020,45.038875400,0.0168,0.0292,21.6587,0.1112,20.6163,0.0266,19.3109,0.0094,18.7145,0.0116,18.4129,0.0233
162091099341427640,109.934154390,45.080748910,0.0058,0.0068,20.8010,0.0477,19.6677,0.0408,19.2668,0.0190,18.8981,0.0568,18.6780,0.0463
162091099180883559,109.918069060,45.077381020,0.0015,0.0039,20.0441,0.0124,19.4984,0.0062,19.2831,0.0099,19.1402,0.0117,19.0670,0.0102
162081099373286576,109.937376290,45.071565280,0.0115,0.0118,21.6463,0.1431,21.0389,0.0351,20.2228,0.0109,19.8275,0.0253,19.4699,0.0214
162081099432376299,109.943182680,45.071499060,0.1317,0.1317,21.6249,0.1923,21.7808,0.2554,21.0454,0.2536,,,,
162091099303101157,109.930314730,45.075439000,0.0107,0.0123,22.1342,0.1878,21.4079,0.0264,20.1568,0.0132,19.6752,0.0211,19.4343,0.0953
162021100492017734,110.049172930,45.022543310,0.0532,0.0718,21.6124,0.0511,21.5747,0.0949,21.4977,0.0493,20.9502,0.3134,,
162041100392131624,110.039189870,45.034169080,0.0126,0.0138,20.9578,0.0434,20.8405,0.0301,20.7776,0.0196,20.6065,0.1419,20.5268,0.1423
162031100445579324,110.044568240,45.032264370,0.0205,0.0206,21.8114,0.0747,21.0970,0.0805,20.7329,0.0344,20.2492,0.1016,19.8950,0.1413
162011100561082056,110.056115090,45.009522300,0.0013,0.0055,16.9418,0.0048,16.4310,0.0018,16.2586,0.0027,16.1891,0.0029,16.1372,0.0054
162001100597683259,110.059772670,45.002182650,0.0014,0.0034,18.4397,0.0072,18.0632,0.0056,17.9232,0.0039,17.8827,0.0079,17.8402,0.0203
162021100310095131,110.031016220,45.020396590,0.0071,0.0059,21.7476,0.2388,20.8095,0.0471,19.4052,0.0110,18.7272,0.0075,18.4128,0.0419
162051100420372404,110.042032730,45.043135860,0.0032,0.0059,21.1241,0.0398,19.8244,0.0150,18.9259,0.0075,18.4805,0.0036,18.2212,0.0056
162061100475345726,110.047474990,45.054187380,0.0144,0.0148,21.9585,0.1866,21.3882,0.0482,20.6316,0.0194,20.1113,0.0540,20.0173,0.1051
162051100711496494,110.071195970,45.046555910,0.0215,0.0138,14.4190,0.0040,13.6620,0.0000,13.4490,,13.1983,0.0060,13.0887,0.0051
162051100580063906,110.058037980,45.044375920,0.0172,0.0205,21.4816,0.0409,21.1164,0.0570,20.9155,0.0260,20.9406,0.1670,,
162061100556260401,110.055698970,45.049807570,0.0147,0.0048,20.7923,0.0372,19.7341,0.0201,19.1847,0.0047,18.9180,0.0152,18.7334,0.0350
162051100433298562,110.043286440,45.048249530,0.0016,0.0051,20.1471,0.0117,19.2206,0.0073,18.8262,0.0040,18.6353,0.0104,18.4761,0.0181
162041100709499838,110.070994040,45.040990630,0.0167,0.0197,21.5441,0.0491,21.0445,0.0768,20.8132,0.0173,20.6906,0.0812,20.3572,0.4939
162041100541930304,110.054245330,45.032978370,0.0717,0.0824,21.9340,0.2172,21.5117,0.1144,21.4961,0.0466,21.3162,0.1636,,
162031100600488006,110.059987100,45.031120280,0.0203,0.0167,21.5250,0.0481,20.9119,0.0286,20.7030,0.0149,20.4701,0.0616,20.6470,0.1604
162041100728149992,110.072814520,45.041111360,0.0066,0.0129,21.6859,0.1496,20.7487,0.0415,19.3828,0.0084,18.6740,0.0103,18.3687,0.0185
162061100044610642,110.004465490,45.049989470,0.0027,0.0041,18.5454,0.0041,17.2805,0.0064,16.4492,0.0028,16.0580,0.0050,15.8491,0.0057
162051100111179946,110.011113820,45.049394500,0.0058,0.0063,21.6267,0.0723,20.4237,0.0223,19.4108,0.0067,18.8868,0.0227,18.6924,0.0302
162071099983152546,109.998320560,45.059918820,0.0016,0.0019,16.8462,0.0045,16.3813,0.0030,16.1959,0.0024,16.1397,0.0040,16.0832,0.0040
162051100161472445,110.016100760,45.043098010,0.1322,0.2097,21.8770,0.1871,21.6964,0.1523,21.6331,0.0875,,,,
162041100248165590,110.024865950,45.037425720,0.0051,0.0055,21.6176,0.0561,20.6457,0.0272,19.1014,0.0041,18.4381,0.0205,18.0438,0.0151
162051100270876616,110.026984070,45.046703610,0.0062,0.0058,22.0207,0.1623,21.0823,0.0357,19.3887,0.0098,18.5836,0.0286,18.2217,0.0158
162051099961324705,109.996181420,45.045040440,0.0047,0.0087,19.4223,0.0126,18.8501,0.0064,18.6281,0.0039,18.5121,0.0262,18.4881,0.0171
162041100135175943,110.013497210,45.037745280,0.0015,0.0057,20.9787,0.0378,19.7363,0.0087,18.4056,0.0051,17.8136,0.0109,17.5229,0.0138
162051100341131577,110.034120340,45.042459510,0.0029,0.0034,18.2239,0.0081,17.6547,0.0023,17.4558,0.0038,17.3594,0.0047,17.2814,0.0159
162041100232613307,110.023266970,45.035560360,0.0024,0.0031,19.5103,0.0087,19.1705,0.0048,19.0204,0.0038,18.9512,0.0023,18.8605,0.0286
162081100174024194,110.017525450,45.069570890,0.0584,0.0584,21.3946,0.0794,21.3074,0.1290,,,,,,
162081100178634141,110.017758820,45.069637200,0.2361,0.1603,21.4850,0.1222,20.6286,0.1503,19.4716,0.0709,18.7448,0.2901,19.0670,0.0000
162101100197992615,110.019806490,45.084943480,0.0023,0.0101,20.7079,0.0277,19.6021,0.0124,19.0244,0.0049,18.7136,0.0059,18.5806,0.0112
162081100402603717,110.040287930,45.069240020,0.0471,0.0406,21.3845,0.1520,21.4296,0.1866,21.0372,0.0251,20.6332,0.0785,20.7709,0.0000
162091100067036920,110.006654550,45.080170050,0.0070,0.0076,21.9033,0.0562,20.6038,0.0368,19.7442,0.0082,19.2966,0.0195,19.0198,0.0415
162071100285736116,110.028581950,45.062904870,0.0059,0.0037,16.5429,0.0027,16.1563,0.0047,16.0080,0.0017,15.9595,0.0040,15.9154,0.0044
162061100371188628,110.037025080,45.056683440,0.1420,0.1420,21.7400,0.2427,,,21.9800,0.0448,,,,
162071100161257755,110.016188820,45.064310970,0.0046,0.0051,19.9043,0.0160,19.5065,0.0158,19.3750,0.0051,19.3270,0.0268,19.2767,0.0456
162081100182574305,110.018220600,45.069790240,0.0186,0.0122,21.3509,0.1187,20.5234,0.0577,20.0123,0.0255,19.5746,0.0651,19.1647,0.0448
162081100310102653,110.030984830,45.068335810,0.0118,0.0122,21.8765,0.1731,21.0078,0.0303,20.3754,0.0169,20.0672,0.0412,19.6068,0.0244
162071100062388747,110.006229940,45.065082070,0.0015,0.0017,18.5413,0.0052,17.6557,0.0046,17.2984,0.0020,17.1274,0.0060,17.0021,0.0168
162061100280534560,110.027962210,45.053293900,0.0251,0.0272,21.4812,0.1321,21.3073,0.0495,21.0177,0.0306,20.6122,0.1721,20.3416,0.2680
162081100806849977,110.080746430,45.074337440,0.0833,0.0502,21.6022,0.0520,21.4227,0.0515,21.3867,0.0419,21.3033,0.1935,,
162091100713263407,110.071327770,45.077325680,0.0201,0.0260,21.3604,0.0279,19.9976,0.0303,18.8561,0.0064,18.3219,0.0079,18.0407,0.0206
162071100735985993,110.073599550,45.062788530,0.0708,0.0998,21.8164,0.1889,21.4009,0.1244,21.3337,0.0455,20.9152,0.1635,,
162081100767117590,110.076708520,45.072454160,0.0069,0.0062,20.3656,0.0521,19.7201,0.0104,19.4424,0.0099,19.3121,0.0208,19.0998,0.0439
162091100514090770,110.051412530,45.075091080,0.0080,0.0072,21.2466,0.0670,19.9883,0.0189,18.9748,0.0073,18.5003,0.0130,18.2258,0.0150
162091100534031224,110.053425310,45.075500030,0.0038,0.0028,18.4528,0.0059,17.9495,0.0070,17.7678,0.0039,17.6839,0.0127,17.6344,0.0100
162061100866732311,110.086694660,45.051337650,0.0089,0.0094,21.6422,0.0730,20.5975,0.0308,19.9449,0.0092,19.6011,0.0219,19.3463,0.0412
162111100210746381,110.021072660,45.096514960,0.0064,0.0072,20.6924,0.0268,20.0511,0.0427,19.7275,0.0215,19.2830,0.0563,19.1176,0.0419
162101100237254741,110.023698960,45.086740660,0.0033,0.0025,15.7316,0.0042,14.7808,0.0018,14.3981,0.0033,14.2278,0.0027,14.0946,0.0031
162101100285847208,110.028514770,45.088837020,0.0066,0.0109,21.8075,0.0250,20.7875,0.0285,19.7879,0.0098,19.2604,0.0166,19.0012,0.0344
162101100386365821,110.038617250,45.087639830,0.0090,0.0104,19.7457,0.0269,19.7070,0.0966,19.4086,0.0375,18.9972,0.1080,18.7970,0.0785
162101100535908047,110.053515230,45.089523740,0.0202,0.0281,22.0981,0.1880,21.3799,0.0367,20.8935,0.0238,20.6309,0.0646,20.0038,0.2463
162091100506356734,110.050659170,45.080057970,0.0085,0.0094,20.7608,0.0443,20.3126,0.0186,20.1668,0.0147,20.1310,0.0450,19.9825,0.0869
162081100478368020,110.047825960,45.072873060,0.0018,0.0050,19.3684,0.0171,18.7865,0.0051,18.5515,0.0035,18.4497,0.0067,18.3574,0.0201
162111100179776280,110.018084270,45.096390350,0.0288,0.0296,21.9786,0.1635,21.4105,0.0715,21.2269,0.0438,20.9374,0.1738,,
162081099928364929,109.992729380,45.070199030,0.0526,0.0816,21.6280,0.1700,21.5860,0.0683,21.6869,0.0659,,,,
162091099754328563,109.975474450,45.081498340,0.0723,0.0682,21.4350,0.0213,21.2897,0.1062,21.1194,0.0661,20.9191,0.0124,,
162081099984650383,109.998484650,45.066468100,0.0059,0.0049,19.4074,0.0104,18.4773,0.0065,18.0757,0.0031,17.8944,0.0081,17.7718,0.0241
162051099904069211,109.990412860,45.048802330,0.0025,0.0063,18.7174,0.0030,17.8863,0.0040,17.5639,0.0024,17.4247,0.0143,17.3251,0.0114
162081099557345004,109.955712400,45.070295230,0.0044,0.0046,21.3238,0.0676,19.9486,0.0152,18.8709,0.0060,18.4147,0.0075,18.1369,0.0267
162061099817747374,109.981756340,45.055589670,0.0014,0.0025,18.4442,0.0014,18.0364,0.0046,17.8647,0.0033,17.8104,0.0081,17.7596,0.0241
162091099751528127,109.975332950,45.081364270,0.0715,0.1063,21.5734,0.1337,21.4251,0.0328,21.3192,0.0454,20.9255,0.1799,,
162081099762370121,109.976113530,45.066202890,0.1793,0.3099,22.0333,0.1747,21.5798,0.1788,21.6959,0.0841,,,,
162091100033839586,110.003386280,45.082460840,0.0022,0.0030,16.6516,0.0025,16.2143,0.0018,16.0531,0.0019,16.0119,0.0039,15.9626,0.0040
162101100071149349,110.007129500,45.090575600,0.0011,0.0021,18.8403,0.0052,18.1880,0.0047,17.8978,0.0032,17.7672,0.0054,17.6459,0.0139
162081100012868147,110.001378630,45.072936690,0.0161,0.0181,21.3576,0.0297,21.1282,0.0466,20.9836,0.0214,20.7772,0.1038,,
162091099876803460,109.987715610,45.077314700,0.0072,0.0076,20.5635,0.0243,20.0043,0.0199,19.8255,0.0081,19.7460,0.0290,19.6151,0.0406
162111099844716501,109.984359090,45.096471010,0.0049,0.0175,21.6371,0.0769,20.3710,0.0163,19.5766,0.0102,19.1875,0.0197,19.0245,0.0183
162101099380302725,109.938003300,45.085013490,0.0080,0.0084,21.7428,0.0986,20.8675,0.0255,19.9381,0.0114,19.5518,0.0175,19.3154,0.0425
162101099386001409,109.938599810,45.083936900,0.0254,0.0325,21.7037,0.1575,21.3341,0.0463,20.9937,0.0350,20.5259,0.0429,,
162101099521426973,109.952168870,45.088365060,0.1750,0.1750,22.1309,0.1622,,,21.6201,0.1743,,,,
162111100080697206,110.008012160,45.097168790,0.0132,0.0146,21.3487,0.0658,20.9921,0.0366,20.7543,0.0169,20.6164,0.1162,,
161971098663545490,109.866410610,44.978978780,0.0060,0.0059,21.3790,0.0549,20.0487,0.0325,19.2593,0.0076,18.8778,0.0115,18.7050,0.0278
161971098653964737,109.865549010,44.978344470,0.0091,0.0081,21.7077,0.1099,20.3502,0.0344,19.4724,0.0079,19.1029,0.0184,18.9283,0.0175
161991098719379656,109.871941780,44.999148160,0.0049,0.0060,19.2599,0.0099,18.8091,0.0032,18.6266,0.0058,18.5581,0.0122,18.5193,0.0178
162001098648023494,109.864770460,45.002343260,0.0078,0.0108,18.2069,0.0107,16.9427,0.0218,15.4915,0.0020,14.7942,0.0040,14.4746,0.0066
162031098687751305,109.868737600,45.025496930,0.0139,0.0153,21.4647,0.0085,20.9698,0.0396,20.7171,0.0162,20.5466,0.0472,20.2998,0.1114
162001098745478226,109.874642570,45.006269620,0.0019,0.0044,18.7635,0.0132,17.7881,0.0029,17.4046,0.0035,17.2287,0.0090,17.0924,0.0051
162001098743821300,109.874517110,45.000558890,0.0125,0.0088,20.7424,0.0274,20.2266,0.0316,19.9719,0.0178,19.7084,0.0550,19.6541,0.1093
162001098755657449,109.875548200,45.005590990,0.0032,0.0125,20.2899,0.0969,19.5259,0.0181,19.0943,0.0053,18.9097,0.0138,18.7424,0.0566
162061098824831256,109.882469040,45.050486440,0.0029,0.0024,18.0063,0.0047,17.5835,0.0040,17.4267,0.0024,17.3785,0.0050,17.3308,0.0090
162021098811168678,109.881075460,45.023437510,0.0435,0.0417,21.8485,0.1670,21.4895,0.0648,21.1856,0.0424,20.8835,0.2475,20.6483,0.1505
162051098801026906,109.880076970,45.046861520,0.0087,0.0114,20.7504,0.0309,20.3060,0.0144,20.1992,0.0131,20.0978,0.0296,19.8320,0.1878
162061098998915272,109.899848690,45.053810110,0.0022,0.0050,21.2772,0.0327,20.0947,0.0118,19.2191,0.0047,18.8142,0.0186,18.5763,0.0148
162071099001551671,109.900167150,45.059166580,0.0019,0.0033,15.3304,0.0017,14.6452,0.0048,14.4019,0.0070,14.2803,0.0040,14.1786,0.0018
162071098988762399,109.898853390,45.059774990,0.0079,0.0162,17.3992,0.0068,16.8833,0.0021,16.7010,0.0036,16.6339,0.0069,16.5836,0.0095
